city,country,region,url,lat,lon,score,scorewifi,scorenight,scoreplaces2work,scoresafety,dlspeed,tempcls,checkins
Budapest,Hungary,Europe,/budapest-hungary,47.497912,19.040235,1,0.4,1,0.8,0.6,30,28,62
Prague,Czech Republic,Europe,/prague-czech-republic,50.0755381,14.4378005,0.99,0.6,1,0.6,0.6,22,26,120
Las Palmas,Spain,Europe,/las-palmas-gran-canaria-spain,28.1235459,-15.4362574,0.97,0.2,0.8,0.6,0.8,24,27,25
Bangkok,Thailand,Asia,/bangkok-thailand,13.7278956,100.5241235,0.96,1,1,1,0.8,22,32,301
Kota Kinabalu,Malaysia,Asia,/kota-kinabalu-malaysia,5.980408,116.0734568,0.95,0.4,0.2,0.6,0.8,35,30,51
Kosice,Slovakia,Europe,/kosice-slovakia,48.7210053,21.2577999,0.94,0.6,0.4,0.6,0.6,12,29,0
Valencia,Spain,Europe,/valencia-spain,39.4699075,-0.3762881,0.94,0.8,0.6,0.6,0.8,27,29,82
Chiang Mai,Thailand,Asia,/chiang-mai-thailand,18.787747,98.9931284,0.94,0.6,0.4,0.8,0.8,15,28,445
Ko Samui,Thailand,Asia,/ko-samui-thailand,9.5120168,100.0135929,0.93,0.4,0.8,0.4,0.8,15,31,237
Jeju Island,South Korea,Asia,/jeju-island-south-korea,33.4924276,126.5201336,0.93,1,0.6,1,1,99,26,0
Windsor,Canada,North America,/windsor-canada,42.3149367,-83.0363633,0.93,0.8,0.6,0.8,1,36,26,0
Ko Lanta,Thailand,Asia,/ko-lanta-thailand,7.6556,99.0419,0.93,0.2,0.4,0.2,0.8,15,29,237
Phuket,Thailand,Asia,/phuket-thailand,7.9810458,98.3638834,0.93,0.4,0.8,0.62,0.8,13,29,61
Oslo,Norway,Europe,/oslo-norway,59.8921328,10.7940429,0.93,0.6,0.6,0.6,0.8,37,25,29
Novi Sad,Serbia,Europe,/novi-sad-serbia,45.2671352,19.8335496,0.93,0.8,0.6,0.6,0.6,20,31,2
Ubud,Indonesia,Asia,/ubud-bali-indonesia,-8.519268,115.263298,0.92,0.6,0.6,0.8,0.8,5,27,37
Yerevan,Armenia,Middle East,/yerevan-armenia,40.183333,44.516667,0.92,0.6,0.6,0.6,0.8,13,28,0
Tijuana,Mexico,North America,/tijuana-mexico,32.5149469,-117.0382471,0.92,0.4,1,0.6,0.4,8,24,65
Buffalo,United States,North America,/buffalo-ny-united-states,42.8864468,-78.8783689,0.92,0.8,0.8,1,0.8,15,24,77
Austin,United States,North America,/austin-tx-united-states,30.267153,-97.7430608,0.92,0.6,1,0.6,0.8,195,36,34
Tartu,Estonia,Europe,/tartu-estonia,58.3776252,26.7290063,0.92,1,0.4,0.8,1,32,22,22
Seoul,South Korea,Asia,/seoul-south-korea,37.566535,126.9779692,0.91,1,1,0.8,1,58,30,69
Ljubljana,Slovenia,Europe,/ljubljana-slovenia,46.0569465,14.5057515,0.91,0.6,0.8,0.8,0.8,22,29,15
Thessaloniki,Greece,Europe,/thessaloniki-greece,40.6400629,22.9444191,0.91,0.6,1,0.8,0.8,0,30,21
Bratislava,Slovakia,Europe,/bratislava-slovakia,48.1458923,17.1071373,0.91,0.4,0.6,0.6,0.8,17,28,0
Aveiro,Portugal,Europe,/aveiro-portugal,40.6405055,-8.6537539,0.91,0.4,0.6,0.6,0.8,16,23,59
Tallinn,Estonia,Europe,/tallinn-estonia,59.4369608,24.7535746,0.91,1,0.8,0.8,0.8,15,21,22
Perth,Australia,Oceania,/perth-australia,-31.9535132,115.8570471,0.91,0.4,0.6,0.6,1,11,11,82
Timisoara,Romania,Europe,/timisoara-romania,45.759722,21.23,0.9,0.6,1,0.6,0.8,24,30,20
Las Vegas,United States,North America,/las-vegas-nv-united-states,36.1699412,-115.1398296,0.9,1,1,0.6,0.8,31,39,13
Campinas,Brazil,South America,/campinas-brazil,-22.9099384,-47.0626332,0.9,0.6,1,0.6,0.6,12,24,53
Taipei,Taiwan,Asia,/taipei-taiwan,25.091075,121.5598345,0.9,1,0.6,0.8,1,18,30,60
Padova,Italy,Europe,/padova-italy,45.4064349,11.8767611,0.9,1,1,1,0.8,13,33,25
Toulouse,France,Europe,/toulouse-france,43.604652,1.444209,0.9,1,0.8,0.8,0.8,12,32,36
Osaka,Japan,Asia,/osaka-japan,34.6937378,135.5021651,0.9,1,0.8,0.6,1,23,26,0
Puerto Vallarta,Mexico,North America,/puerto-vallarta-mexico,20.653407,-105.2253316,0.9,0.6,1,0.6,0.8,0,29,65
Hong Kong,Hong Kong,Asia,/hong-kong-hong-kong,22.3593252,114.1408686,0.9,0.2,1,0.4,0.62,59,31,106
Queretaro,Mexico,North America,/queretaro-mexico,20.5887932,-100.3898881,0.9,0.6,0.8,0.4,0.8,0,25,65
Utrecht,Netherlands,Europe,/utrecht-netherlands,52.0907374,5.1214201,0.89,0.8,0.8,0.8,1,42,24,15
Riga,Latvia,Europe,/riga-latvia,56.9707259,24.1298491,0.89,0.6,0.4,0.6,0.6,17,22,0
Funchal,Portugal,Europe,/funchal-portugal,32.6669328,-16.9240554,0.89,1,0.6,1,1,29,25,59
Antwerp,Belgium,Europe,/antwerp-belgium,51.2194475,4.4024643,0.89,0.8,0.8,0.8,1,135,25,12
Lisbon,Portugal,Europe,/lisbon-portugal,38.7222524,-9.1393366,0.89,0.6,1,0.6,0.6,24,31,59
Nantes,France,Europe,/nantes-france,47.218371,-1.553621,0.89,0.4,0.4,0.6,0.8,17,25,36
Obninsk,Russia,Europe,/obninsk-russia,55.1170375,36.5970818,0.89,0.2,0.2,0.2,0.4,22,21,33
Lille,France,Europe,/lille-france,50.62925,3.057256,0.89,0.6,0.8,1,1,13,26,36
Szczecin,Poland,Europe,/szczecin-poland,53.4285438,14.5528116,0.89,0.8,0.6,0.8,0.8,16,22,32
Natal,Brazil,South America,/natal-brazil,-5.7792569,-35.200916,0.89,0.8,1,0.4,0.6,7,27,53
Jena,Germany,Europe,/jena-germany,50.927054,11.5892372,0.89,0.2,1,0.4,1,41,23,50
Brasov,Romania,Europe,/brasov-romania,45.666667,25.616667,0.89,0.6,0.6,0.6,0.6,26,23,20
Saratov,Russia,Europe,/saratov-russia,51.533333,46.016667,0.89,0.6,0.4,0.4,0.4,11,23,33
Jacksonville,United States,North America,/jacksonville-fl-united-states,30.3321838,-81.655651,0.89,1,0.6,0.8,0.6,28,37,77
Grand Rapids,United States,North America,/grand-rapids-mi-united-states,42.9633599,-85.6680863,0.89,0.8,0.8,0.8,0.8,20,29,77
Fort Lauderdale,United States,North America,/fort-lauderdale-fl-united-states,26.1224386,-80.1373174,0.89,0.8,1,1,0.6,12,33,77
Knoxville,United States,North America,/knoxville-tn-united-states,35.9606384,-83.9207392,0.89,0.8,0.4,1,0.8,25,32,77
Berlin,Germany,Europe,/berlin-germany,52.5200066,13.404954,0.89,1,1,0.8,1,33,24,184
Colorado Springs,United States,North America,/colorado-springs-co-united-states,38.8338816,-104.8213634,0.89,0.6,0.6,0.6,0.8,36,32,77
Nis,Serbia,Europe,/nis-serbia,43.3155564,21.8947327,0.89,0.6,0.6,1,1,11,32,2
Nashville,United States,North America,/nashville-tn-united-states,36.1626638,-86.7816016,0.89,0.4,1,1,0.8,60,29,77
Porto,Portugal,Europe,/porto-portugal,41.1566892,-8.6239254,0.89,0.6,0.6,0.6,0.6,16,28,59
Bern,Switzerland,Europe,/bern-switzerland,46.9479222,7.4446085,0.89,1,0.6,1,1,48,30,18
Munich,Germany,Europe,/munich-germany,48.1351253,11.5819806,0.89,0.4,1,0.6,1,23,27,50
Nuremberg,Germany,Europe,/nuremberg-germany,49.45203,11.07675,0.88,0.4,0.6,0.6,1,16,26,50
Ho Chi Minh City,Vietnam,Asia,/ho-chi-minh-city-vietnam,10.8230989,106.6296638,0.88,0.6,0.8,0.8,0.6,10,29,96
Kansas City,United States,North America,/kansas-city-mo-united-states,39.0997265,-94.5785667,0.88,0.6,1,0.6,0.4,88,31,77
Canggu,Indonesia,Asia,/canggu-bali-indonesia,-8.6478175,115.1385192,0.88,0.6,0.6,0.6,0.8,5,29,37
Patras,Greece,Europe,/patras-greece,38.2466395,21.734574,0.88,0.4,1,0.4,0.8,11,32,21
Pittsburgh,United States,North America,/pittsburgh-pa-united-states,40.4406248,-79.9958864,0.88,0.8,0.8,0.8,0.8,31,27,77
Tampere,Finland,Europe,/tampere-finland,61.4981508,23.7610254,0.88,1,0.8,0.8,1,26,17,0
Krasnodar,Russia,Asia,/krasnodar-russia,45.033333,38.966667,0.88,0.6,0.8,0.8,0.8,7,27,33
Bologna,Italy,Europe,/bologna-italy,44.494887,11.3426163,0.88,1,0.6,0.6,0.6,22,33,25
Louisville,United States,North America,/louisville-ky-united-states,38.2526647,-85.7584557,0.88,0.8,0.6,0.8,0.8,55,29,77
Sacramento,United States,North America,/sacramento-ca-united-states,38.5815719,-121.4943996,0.88,1,0.6,0.8,0.8,14,28,77
San Diego,United States,North America,/san-diego-ca-united-states,32.715738,-117.1610838,0.88,1,1,1,0.6,40,27,4
Leicester,United Kingdom,Europe,/leicester-united-kingdom,52.6368778,-1.1397592,0.88,0.6,0.8,0.8,0.8,0,22,53
Cuenca,Ecuador,South America,/cuenca-ecuador,-2.9001285,-79.0058965,0.88,0.4,0.4,0.6,0.6,12,16,368
Karlsruhe,Germany,Europe,/karlsruhe-germany,49.0068901,8.4036527,0.88,0.4,0.2,0.4,1,26,27,50
Asheville,United States,North America,/asheville-nc-united-states,35.5950581,-82.5514869,0.88,0.8,0.6,0.8,1,20,29,77
Varna,Bulgaria,Europe,/varna-bulgaria,43.2140504,27.9147333,0.88,0.6,0.6,0.6,0.8,11,26,12
Dallas,United States,North America,/dallas-tx-united-states,32.7766642,-96.7969879,0.88,0.8,0.4,0.8,0.8,52,33,77
Lublin,Poland,Europe,/lublin-poland,51.2464536,22.5684463,0.88,0.4,0.6,0.4,1,31,21,32
Hamburg,Germany,Europe,/hamburg-germany,53.5510846,9.9936818,0.88,0.2,1,0.4,1,31,22,7
Davao,Philippines,Asia,/davao-philippines,7.190708,125.455341,0.88,0.6,0.6,0.6,0.8,8,30,56
Tokyo,Japan,Asia,/tokyo-japan,35.6894875,139.6917064,0.87,0.4,1,0.42,1,16,26,95
Stuttgart,Germany,Europe,/stuttgart-germany,48.7758459,9.1829321,0.87,0.6,0.8,0.4,1,39,26,50
Coimbra,Portugal,Europe,/coimbra-portugal,40.2033145,-8.4102573,0.87,0.6,0.6,0.6,0.6,34,31,59
Bilbao,Spain,Europe,/bilbao-spain,43.2630126,-2.9349852,0.87,0.6,0.4,0.2,0.6,27,27,82
Stockholm,Sweden,Europe,/stockholm-sweden,59.3293235,18.0685808,0.87,0.4,0.8,0.8,1,26,22,41
Hangzhou,China,Asia,/hangzhou-china,30.2610923,119.8917005,0.87,1,0.6,0.8,0.6,19,31,45
Playa del Carmen,Mexico,North America,/playa-del-carmen-mexico,20.6295586,-87.0738851,0.87,0.2,1,0.8,0.8,0,30,65
Minsk,Belarus,Europe,/minsk-belarus,53.9045398,27.5615244,0.87,0.4,0.6,0.4,0.6,9,21,0
Sarajevo,Bosnia-Herzegovina,Europe,/sarajevo-bosnia-herzegovina,43.8562586,18.4130763,0.87,0.2,0.8,1,0.6,16,29,0
Ploiesti,Romania,Europe,/ploiesti-romania,44.933333,26.033333,0.87,1,0.4,1,0.8,27,29,20
Cleveland,United States,North America,/cleveland-oh-united-states,41.49932,-81.6943605,0.87,0,0.8,0.6,0.6,15,25,77
Belgrade,Serbia,Europe,/belgrade-serbia,44.816667,20.466667,0.87,0.6,1,0.8,0.8,9,32,2
Cluj,Romania,Europe,/cluj-romania,46.766667,23.583333,0.87,0.6,1,0.6,0.6,28,25,20
Zadar,Croatia,Europe,/zadar-croatia,44.119371,15.2313648,0.87,0.8,0.4,0.8,0.8,15,28,38
Cork,Ireland,Europe,/cork-ireland,51.8968917,-8.4863157,0.87,0.4,0.6,0.4,1,20,18,8
Vienna,Austria,Europe,/vienna-austria,48.2081743,16.3738189,0.86,1,0.8,0.8,1,27,28,29
Ghent,Belgium,Europe,/ghent-belgium,51.0543422,3.7174243,0.86,0.4,0.6,0.6,1,34,24,12
Cordoba,Argentina,South America,/cordoba-argentina,-31.3989296,-64.1821289,0.86,0.6,1,0.6,0.56,6,16,368
Oshawa,Canada,North America,/oshawa-canada,43.8970929,-78.8657912,0.86,0.8,0.6,0.8,1,0,24,0
San Antonio,United States,North America,/san-antonio-tx-united-states,29.4241219,-98.4936282,0.86,0.8,0.8,0.6,0.8,64,37,77
Split,Croatia,Europe,/split-croatia,43.5081323,16.4401935,0.86,0.6,0.4,0.4,0.6,14,32,38
Trondheim,Norway,Europe,/trondheim-norway,63.4305149,10.3950528,0.86,0.6,0.8,0.6,1,69,19,6
Madrid,Spain,Europe,/madrid-spain,40.4167754,-3.7037902,0.86,0.6,0.6,0.6,0.8,22,38,22
Albuquerque,United States,North America,/albuquerque-nm-united-states,35.110703,-106.609991,0.86,0.8,0.8,0.8,0.8,15,37,77
Portland,United States,North America,/portland-or-united-states,45.5230622,-122.6764816,0.86,0.4,1,0.8,0.8,27,21,18
Raleigh,United States,North America,/raleigh-nc-united-states,35.7795897,-78.6381787,0.86,1,0.8,1,0.6,33,33,77
St. Louis,United States,North America,/st-louis-mo-united-states,38.6270025,-90.1994042,0.86,0.6,0.6,1,0.6,51,29,77
Norfolk,United States,North America,/norfolk-va-united-states,36.8507689,-76.2858726,0.86,0,0.4,0.4,0.8,29,34,77
Baltimore,United States,North America,/baltimore-md-united-states,39.2903848,-76.6121893,0.86,0.8,1,1,0.8,25,32,77
Busan,South Korea,Asia,/busan-south-korea,35.1643694,128.9317153,0.86,1,1,1,1,26,27,69
Espoo,Finland,Europe,/espoo-finland,60.2054911,24.6559001,0.86,0.8,0.8,0.8,1,28,22,0
Des Moines,United States,North America,/des-moines-ia-united-states,41.6005448,-93.6091064,0.86,0.6,0.6,0.4,0.8,36,28,77
Chattanooga,United States,North America,/chattanooga-tn-united-states,35.0456297,-85.3096801,0.86,1,0.6,1,0.8,74,33,77
Wrocław,Poland,Europe,/wroclaw-poland,51.1078852,17.0385376,0.86,0.6,0.6,0.4,0.6,35,22,32
Atlanta,United States,North America,/atlanta-ga-united-states,33.7489954,-84.3879824,0.86,0.6,0.6,0.6,0.4,150,33,77
Groningen,Netherlands,Europe,/groningen-netherlands,53.2193835,6.5665018,0.86,0.8,0.8,0.8,0.8,50,21,15
Monterrey,Mexico,North America,/monterrey-mexico,25.6866142,-100.3161126,0.86,0.4,0.6,0.6,0.6,13,36,65
Corralejo,Spain,Europe,/corralejo-fuerteventura-spain,28.7315,-13.8688,0.86,0.4,0.4,0.8,1,10,24,82
Ann Arbor,United States,North America,/ann-arbor-mi-united-states,42.2808256,-83.7430378,0.86,0.8,0.6,1,0.8,12,26,77
Bordeaux,France,Europe,/bordeaux-france,44.837789,-0.57918,0.86,0.6,0.6,0.6,1,27,31,9
Rochester,United States,North America,/rochester-ny-united-states,43.16103,-77.6109219,0.86,0.4,0.6,0.4,0.6,16,26,77
Ogden,United States,North America,/ogden-ut-united-states,41.223,-111.9738304,0.86,0,0.8,0.6,0.8,28,33,77
Provo,United States,North America,/provo-ut-united-states,40.2338438,-111.6585337,0.86,0.6,0.8,0.6,0.8,114,34,77
Lyon,France,Europe,/lyon-france,45.764043,4.835659,0.86,0.6,0.6,0.8,0.8,64,31,12
Milwaukee,United States,North America,/milwaukee-wi-united-states,43.0389025,-87.9064736,0.86,0.8,0.6,0.8,0.8,24,22,77
Rotterdam,Netherlands,Europe,/rotterdam-netherlands,51.930833,4.479167,0.86,0.8,0.8,0.8,0.6,28,23,15
Santo Domingo,Dominican Republic,South America,/santo-domingo-dominican-republic,18.466667,-69.95,0.86,0.4,1,0.4,0.4,8,29,368
Bremen,Germany,Europe,/bremen-germany,53.0792962,8.8016937,0.86,0.6,1,0.8,1,17,22,50
Bar,Montenegro,Europe,/bar-montenegro,42.2040425,19.140438,0.86,0.2,0.6,0.2,0.6,5,29,0
Madison,United States,North America,/madison-wi-united-states,43.0730517,-89.4012302,0.85,0.8,0.6,0.8,0.8,19,24,0
Tampa,United States,North America,/tampa-fl-united-states,27.950575,-82.4571776,0.85,0.8,0.8,0.6,0.8,40,33,77
Pisa,Italy,Europe,/pisa-italy,43.7228386,10.4016888,0.85,1,0.8,1,0.8,8,29,25
Ottawa,Canada,North America,/ottawa-canada,45.4215296,-75.6971931,0.85,0.6,0.4,0.6,1,0,19,0
Charleston,United States,North America,/charleston-sc-united-states,32.7764749,-79.9310512,0.85,1,0.4,0.6,0.6,59,36,77
Leipzig,Germany,Europe,/leipzig-germany,51.3396955,12.3730747,0.85,0,0.6,0.8,0.8,48,25,50
Como,Italy,Europe,/como-italy,45.8080597,9.0851765,0.85,0.6,0.6,0.6,0.8,12,32,25
Wollongong,Australia,Oceania,/wollongong-australia,-34.4250728,150.8931494,0.85,1,0.6,0.8,0.8,33,15,82
New Orleans,United States,North America,/new-orleans-la-united-states,29.9510658,-90.0715323,0.85,0.4,1,0.6,0.6,27,33,77
Vilnius,Lithuania,Europe,/vilnius-lithuania,54.6871555,25.2796514,0.85,0.6,0.6,0.6,0.8,17,19,5
San Jose,United States,North America,/san-jose-ca-united-states,37.3382082,-121.8863286,0.85,0.8,0.6,0.8,0.8,14,24,77
Bucharest,Romania,Europe,/bucharest-romania,44.4325,26.103889,0.85,0.2,0.8,0.2,0.6,71,30,20
Kaohsiung,Taiwan,Asia,/kaohsiung-taiwan,22.6272784,120.3014353,0.85,1,0.6,0.6,1,9,28,60
Santa Cruz,Bolivia,South America,/santa-cruz-bolivia,-17.866667,-63,0.85,0.2,1,0.4,0.6,5,31,12
San Miguel de Allende,Mexico,North America,/san-miguel-de-allende-mexico,20.9172968,-100.7453642,0.85,0.6,0.6,0.8,0.8,0,27,65
Oaxaca,Mexico,North America,/oaxaca-mexico,17.0594169,-96.7216219,0.85,0,0.6,0.8,0.8,5,23,65
Brussels,Belgium,Europe,/brussels-belgium,50.8503396,4.3517103,0.85,0.8,0.6,0.6,0.4,29,24,13
Tbilisi,Georgia,Europe,/tbilisi-georgia,41.716667,44.783333,0.85,0.6,0.4,0.6,0.8,9,24,0
The Hague,Netherlands,Europe,/the-hague-netherlands,52.0704978,4.3006999,0.85,0.8,0.6,0.8,1,0,21,15
Cologne,Germany,Europe,/cologne-germany,50.937531,6.9602786,0.85,0.2,0.4,0.4,1,11,24,50
Quito,Ecuador,South America,/quito-ecuador,-0.1806532,-78.4678382,0.85,0.6,0.6,0.6,0.6,7,18,368
Chisinau,Moldova,Europe,/chisinau-moldova,47.0105,28.8638,0.85,1,0.6,1,0.4,26,29,0
Kaunas,Lithuania,Europe,/kaunas-lithuania,54.8985207,23.9035965,0.84,0.4,0.6,0.6,0.6,38,19,5
Edmonton,Canada,North America,/edmonton-canada,53.544389,-113.4909267,0.84,0.4,0.4,0.6,0.6,0,22,0
Quebec City,Canada,North America,/quebec-city-canada,46.8032826,-71.242796,0.84,0.6,0.4,0.8,0.8,0,17,0
Reno,United States,North America,/reno-nv-united-states,39.5296329,-119.8138027,0.84,0.6,1,0.2,0.6,12,28,77
Malmo,Sweden,Europe,/malmo-sweden,55.604981,13.003822,0.84,0.4,0.8,0.8,1,0,18,16
Brasilia,Brazil,South America,/brasilia-brazil,-15.7942287,-47.8821658,0.84,0.6,0.2,0.6,0.6,13,27,53
Sliema,Malta,Europe,/sliema-malta,35.912222,14.504167,0.84,0.6,0.6,0.4,0.8,21,29,0
Surrey,Canada,North America,/surrey-canada,49.183333,-122.85,0.84,1,0.4,0.8,1,0,19,0
Osijek,Croatia,Europe,/osijek-croatia,45.5549624,18.6955144,0.84,0.6,0.4,0.6,0.6,8,31,38
Oulu,Finland,Europe,/oulu-finland,65.0126148,25.4714526,0.84,1,0.4,0.4,0.8,21,16,0
Athens,Greece,Europe,/athens-greece,37.983917,23.7293599,0.84,0.8,0.8,0.8,0.8,9,32,21
Kingston,Jamaica,South America,/kingston-jamaica,17.983333,-76.8,0.84,0.6,1,0.6,0.4,8,30,368
Hermosillo,Mexico,North America,/hermosillo-mexico,29.0729673,-110.9559192,0.84,0.6,0.6,1,0.8,18,42,65
Kraków,Poland,Europe,/krakow-poland,50.0646501,19.9449799,0.84,0.6,0.6,0.6,0.6,0,24,0
Hartford,United States,North America,/hartford-ct-united-states,41.7637111,-72.6850932,0.84,1,0.4,0.8,0.6,30,23,77
Winnipeg,Canada,North America,/winnipeg-canada,49.8997541,-97.1374937,0.84,0.8,0.4,0.6,1,0,24,0
Beacon,United States,North America,/beacon-ny-united-states,41.5048158,-73.9695832,0.84,0.6,0.4,0.6,0.8,18,21,77
Fortaleza,Brazil,South America,/fortaleza-brazil,-3.7318616,-38.5266704,0.84,0.6,1,0.6,0.6,9,27,53
Curitiba,Brazil,South America,/curitiba-brazil,-25.4200388,-49.2650973,0.84,0.4,1,0.8,0.6,11,19,53
Warsaw,Poland,Europe,/warsaw-poland,52.2296756,21.0122287,0.84,0.6,1,0.8,0.6,13,20,32
Florianopolis,Brazil,South America,/florianopolis-brazil,-27.5949884,-48.5481743,0.84,0.2,0.6,0.4,0.6,0,18,16
Montreal,Canada,North America,/montreal-canada,45.5086699,-73.5539925,0.84,0.6,0.8,0.8,0.8,0,18,31
Cartagena,Colombia,South America,/cartagena-colombia,10.41373,-75.5335769,0.84,0.6,0.8,0.6,0.8,5,33,40
Lviv,Ukraine,Europe,/lviv-ukraine,49.839683,24.029717,0.84,0.6,0.4,0.8,0.4,17,19,22
Braga,Portugal,Europe,/braga-portugal,41.5454486,-8.426507,0.84,1,0.6,0.4,0.8,9,34,59
Fargo,United States,North America,/fargo-nd-united-states,46.8771863,-96.7898034,0.84,0.6,0.6,0.6,0.8,11,28,77
Nanjing,China,Asia,/nanjing-china,32.0989607,118.4575618,0.84,0.6,0.8,0.6,0.8,5,29,45
Puerto Viejo,Costa Rica,South America,/puerto-viejo-costa-rica,9.658333,-82.752778,0.84,0.8,0.6,0.4,0.6,5,26,37
Moscow,Russia,Europe,/moscow-russia,55.755826,37.6173,0.84,1,1,1,0.6,13,22,9
Regina,Canada,North America,/regina-canada,50.454722,-104.606667,0.83,0.6,0.6,0.4,1,0,26,0
Miami,United States,North America,/miami-fl-united-states,25.7616798,-80.1917902,0.83,1,1,0.8,0.8,9,32,13
Palawan,Philippines,Asia,/palawan-philippines,9.8349493,118.7383615,0.83,0.2,0.6,0.2,0.4,0,28,56
Rethymno,Greece,Europe,/rethymno-greece,35.3643615,24.4821552,0.83,1,1,1,0.8,0,26,21
Fresno,United States,North America,/fresno-ca-united-states,36.7468422,-119.7725868,0.83,1,1,1,0.8,40,33,77
Kharkiv,Ukraine,Europe,/kharkiv-ukraine,49.9935,36.230383,0.83,0.2,0.6,0.6,0.4,12,23,22
Malaga,Spain,Europe,/malaga-spain,36.721261,-4.4212655,0.83,0.4,0.6,0.6,0.8,0,31,82
A Coruna,Spain,Europe,/a-coruna-spain,43.3623436,-8.4115401,0.83,0.6,0.6,1,0.8,0,20,82
Saskatoon,Canada,North America,/saskatoon-canada,52.1332144,-106.6700458,0.83,0.6,0.4,0.6,1,0,24,0
Seattle,United States,North America,/seattle-wa-united-states,47.6062095,-122.3320708,0.83,1,0.8,1,0.8,44,18,17
Tomsk,Russia,Asia,/tomsk-russia,56.5010397,84.9924506,0.83,0.4,0.4,0.2,0.8,21,26,33
Barrie,Canada,North America,/barrie-canada,44.3893556,-79.6903316,0.83,0.6,0.6,0.6,0.8,0,22,0
Indianapolis,United States,North America,/indianapolis-in-united-states,39.768403,-86.158068,0.83,0.6,0.4,0.6,0.6,35,26,77
Avellino,Italy,Europe,/avellino-italy,40.914388,14.7906121,0.83,0.2,0.4,0.4,0.6,24,33,25
Yekaterinburg,Russia,Asia,/yekaterinburg-russia,56.8389261,60.6057025,0.83,0.4,0.6,0.6,0.6,7,28,33
Rijeka,Croatia,Europe,/rijeka-croatia,45.3270631,14.442176,0.83,0.8,0.4,0.4,0.8,9,31,38
Mexico City,Mexico,North America,/mexico-city-mexico,19.4326077,-99.133208,0.83,0.4,1,0.6,0.4,0,26,65
Nice,France,Europe,/nice-france,43.7101728,7.2619532,0.83,1,1,0.8,1,7,27,36
Halifax,Canada,North America,/halifax-canada,44.6488625,-63.5753196,0.83,0.6,0.4,0.6,0.6,0,17,0
Minneapolis,United States,North America,/minneapolis-mn-united-states,44.977753,-93.2650108,0.83,0.6,0.4,1,0.6,19,27,77
Poznan,Poland,Europe,/poznan-poland,52.406374,16.9251681,0.83,0.6,0.4,0.4,0.6,13,21,32
Gainesville,United States,North America,/gainesville-fl-united-states,29.651634,-82.324829,0.83,0.8,0.6,0,0.8,31,34,77
Gwangju,South Korea,Asia,/gwangju-south-korea,35.1766194,126.7037153,0.83,1,0.6,1,1,24,31,69
Brampton,Canada,North America,/brampton-canada,43.683333,-79.766667,0.83,0.6,0.8,1,0.8,0,26,0
Skopje,Macedonia,Europe,/skopje-macedonia,41.9973462,21.4279956,0.83,0,0.4,0.4,0.6,14,33,0
Toronto,Canada,North America,/toronto-canada,43.653226,-79.3831843,0.83,0.6,1,0.8,0.6,0,23,44
Chelyabinsk,Russia,Europe,/chelyabinsk-russia,55.1644419,61.4368431,0.83,0.6,0.4,0.4,0.6,16,28,33
Pattaya,Thailand,Asia,/pattaya-thailand,12.9276,100.8771,0.83,0.6,0.8,0.6,0.6,9,29,14
Boulder,United States,North America,/boulder-co-united-states,40.0149856,-105.2705456,0.82,0.6,0.8,0.8,0.8,36,32,77
Boston,United States,North America,/boston-ma-united-states,42.3600825,-71.0588801,0.82,0.8,0.6,0.8,0.8,14,19,77
Oakland,United States,North America,/oakland-ca-united-states,37.8043637,-122.2711137,0.82,0.8,0.8,0.8,0.4,40,19,77
La Plata,Argentina,South America,/la-plata-argentina,-34.92125,-57.9543333,0.82,0.2,1,0.4,0.4,6,16,368
Bristol,United Kingdom,Europe,/bristol-united-kingdom,51.454513,-2.58791,0.82,0.4,0.8,0.6,1,0,21,53
Sydney,Australia,Oceania,/sydney-australia,-33.8674869,151.2069902,0.82,1,0.4,0.8,0.8,8,17,40
Chachapoyas,Peru,South America,/chachapoyas-peru,-6.2301547,-77.8708478,0.82,0.4,0.4,0.4,0.6,0,18,20
Seville,Spain,Europe,/seville-spain,37.3890924,-5.9844589,0.82,0.6,0.4,0.4,1,29,42,82
Plovdiv,Bulgaria,Europe,/plovdiv-bulgaria,42.1354079,24.7452904,0.82,1,0.6,1,0.8,19,32,12
Boise,United States,North America,/boise-id-united-states,43.6187102,-116.2146068,0.82,0.8,1,0.8,0.8,20,27,77
Shenzhen,China,Asia,/shenzhen-china,22.543099,114.057868,0.82,0.6,0.6,0.6,0.6,20,34,13
Tucson,United States,North America,/tucson-az-united-states,32.2217429,-110.926479,0.82,0.8,0.4,0.6,0.6,27,39,77
Mar del Plata,Argentina,South America,/mar-del-plata-argentina,-37.9798584,-57.5897942,0.82,0.4,0.4,0.4,0.4,12,16,368
Bloomington,United States,North America,/bloomington-in-united-states,39.165325,-86.5263857,0.82,0.4,0.6,0.6,0.8,36,27,77
Kitchener,Canada,North America,/kitchener-canada,43.45,-80.483333,0.82,0.8,0.4,0.8,1,0,23,0
Orlando,United States,North America,/orlando-fl-united-states,28.5383355,-81.3792365,0.82,0.4,0.6,0.6,0.6,40,35,77
Basel,Switzerland,Europe,/basel-switzerland,47.5674422,7.5975507,0.82,0.6,0.4,1,1,26,29,18
Dayton,United States,North America,/dayton-oh-united-states,39.7589478,-84.1916069,0.82,1,0.6,0.6,0.8,14,27,77
Novosibirsk,Russia,Asia,/novosibirsk-russia,55.0083526,82.9357327,0.82,0.6,0.6,0.4,0.6,9,27,33
Goiania,Brazil,South America,/goiania-brazil,-16.6868912,-49.2647943,0.82,0.6,0.8,0.6,0.6,0,31,53
Bellingham,United States,North America,/bellingham-wa-united-states,48.74908,-122.4781473,0.82,0.6,0.4,0.6,0.8,28,21,77
Manchester,United Kingdom,Europe,/manchester-united-kingdom,53.479324,-2.2484851,0.82,0.6,1,0.8,0.6,0,20,53
Eindhoven,Netherlands,Europe,/eindhoven-netherlands,51.441642,5.4697225,0.82,0.8,0.6,0.6,1,44,24,15
Jarabacoa,Dominican Republic,South America,/jarabacoa-dominican-republic,19.116667,-70.633333,0.81,1,0.6,1,0.6,7,27,368
Weifang,China,Asia,/weifang-china,36.7167,119.1,0.81,0.4,0.6,0.4,0.8,0,32,45
Daejeon,South Korea,Asia,/daejeon-south-korea,36.3730796,127.3187599,0.81,1,0.6,1,1,33,31,69
Dakar,Senegal,Africa,/dakar-senegal,14.7645042,-17.3660286,0.81,0.4,0.4,0.4,0.6,5,26,0
Christchurch,New Zealand,Oceania,/christchurch-new-zealand,-43.5320544,172.6362254,0.81,0.6,0.6,0.4,1,23,9,53
Turku,Finland,Europe,/turku-finland,60.4518126,22.2666303,0.81,1,0.6,0.8,1,18,21,0
Vancouver,Canada,North America,/vancouver-canada,49.261226,-123.1139268,0.81,1,0.6,0.8,0.8,0,19,47
Aachen,Germany,Europe,/aachen-germany,50.7753455,6.0838868,0.81,0.8,0.8,0.6,0.8,44,23,50
Marseille,France,Europe,/marseille-france,43.296482,5.36978,0.81,0.8,0.8,0.8,0.6,37,34,36
Sofia,Bulgaria,Europe,/sofia-bulgaria,42.6977082,23.3218675,0.81,1,0.8,0.6,0.6,13,31,12
Fukuoka,Japan,Asia,/fukuoka-japan,33.5987303,130.3172099,0.81,0.6,0.8,1,1,38,28,0
Cambridge,United Kingdom,Europe,/cambridge-united-kingdom,52.205337,0.121817,0.81,0.4,0.4,0.6,1,0,23,53
Victoria,Canada,North America,/victoria-canada,48.4284207,-123.3656444,0.81,1,0.6,0.8,1,0,16,0
Bournemouth,United Kingdom,Europe,/bournemouth-united-kingdom,50.719164,-1.880769,0.81,0.6,0.8,0.8,1,0,18,53
Kaliningrad,Russia,Asia,/kaliningrad-russia,54.716667,20.516667,0.81,0.4,0.4,0.2,0.6,17,19,33
Kelowna,Canada,North America,/kelowna-canada,49.8879519,-119.4960106,0.81,0.8,0.6,0.8,1,0,21,0
Chatham,Canada,North America,/chatham-canada,42.4048018,-82.1910376,0.81,0.6,0.4,0.6,1,0,17,0
Leeds,United Kingdom,Europe,/leeds-united-kingdom,53.8007554,-1.5490774,0.81,0.6,0.8,0.8,0.8,0,20,53
Glasgow,United Kingdom,Europe,/glasgow-united-kingdom,55.864237,-4.251806,0.81,0.4,0.8,0.8,1,0,19,53
Daegu,South Korea,Asia,/daegu-south-korea,35.8796687,128.4266154,0.81,1,1,1,1,27,32,69
Auckland,New Zealand,Oceania,/auckland-new-zealand,-36.8484597,174.7633315,0.8,0.2,0.6,0.6,1,17,13,53
San Juan,United States,South America,/san-juan-pr-united-states,18.3848264,-66.0583415,0.8,0.6,1,0.8,0.8,12,29,77
Park City,United States,North America,/park-city-ut-united-states,40.6460622,-111.4979729,0.8,1,1,0.8,0.8,38,28,77
Barranquilla,Colombia,South America,/barranquilla-colombia,10.9915954,-74.9090454,0.8,0,0,0,0.6,5,32,40
Izmir,Turkey,Europe,/izmir-turkey,38.41885,27.12872,0.8,0.4,0.4,0.6,0.6,18,36,9
Grenoble,France,Europe,/grenoble-france,45.188529,5.724524,0.8,1,1,0.6,0.6,10,29,36
Nijmegen,Netherlands,Europe,/nijmegen-netherlands,51.85,5.8667,0.8,0.8,0.6,0.6,0.8,35,23,15
Anyang,China,Asia,/anyang-china,36.1000467,114.2060906,0.8,0.4,0.6,0.4,0.6,43,27,45
Zagreb,Croatia,Europe,/zagreb-croatia,45.8150108,15.981919,0.8,0.8,0.6,0.8,0.8,8,31,0
Kitakyushu,Japan,Asia,/kitakyushu-japan,33.8712972,130.5759786,0.8,0.6,0.6,0.8,1,11,28,0
Wellington,New Zealand,Oceania,/wellington-new-zealand,-41.2864603,174.776236,0.8,1,0.6,0.6,0.8,47,10,53
Nanyang,China,Asia,/nanyang-china,32.996968,112.2733913,0.8,0.4,0.6,0.6,0.8,13,31,45
Chico,United States,North America,/chico-ca-united-states,39.7284944,-121.8374777,0.8,1,1,0.8,0.8,5,30,77
Lethbridge,Canada,North America,/lethbridge-canada,49.69349,-112.84184,0.8,0.8,0.8,0.8,1,0,26,0
Houston,United States,North America,/houston-tx-united-states,29.7604267,-95.3698028,0.8,0.6,0.8,0.6,0.4,29,35,77
Amsterdam,Netherlands,Europe,/amsterdam-netherlands,52.3702157,4.8951679,0.8,0.8,1,0.8,0.8,8,22,148
Honolulu,United States,North America,/honolulu-hawaii-united-states,21.3069444,-157.8583333,0.8,0.6,0.8,0.8,1,6,26,77
Edinburgh,United Kingdom,Europe,/edinburgh-united-kingdom,55.953252,-3.188267,0.8,0.4,1,0.8,1,0,19,53
Belo Horizonte,Brazil,South America,/belo-horizonte-brazil,-19.9166813,-43.9344931,0.8,0.4,0.6,0.4,0.48,9,24,53
Liverpool,United Kingdom,Europe,/liverpool-united-kingdom,53.4083714,-2.9915726,0.8,0.6,0.8,0.8,1,0,20,53
Leiden,Netherlands,Europe,/leiden-netherlands,52.1601144,4.4970097,0.8,0.8,0.8,0.6,1,40,22,15
Stamford,United States,North America,/stamford-ct-united-states,41.0534302,-73.5387341,0.8,1,0.4,0.8,0,24,22,77
Chengdu,China,Asia,/chengdu-china,30.6586,104.0647,0.79,0.6,0.6,0.6,0.8,7,29,45
Lodz,Poland,Europe,/lodz-poland,51.7592485,19.4559833,0.79,0,0.4,0.6,0.8,12,20,32
Oxford,United Kingdom,Europe,/oxford-united-kingdom,51.7520209,-1.2577263,0.79,1,0.8,0.8,0.6,0,22,53
Kuala Lumpur,Malaysia,Asia,/kuala-lumpur-malaysia,3.139003,101.686855,0.79,0.6,0.2,0.8,0.6,8,31,72
Columbus,United States,North America,/columbus-oh-united-states,39.9611755,-82.9987942,0.79,0.6,0.6,0.6,0.8,28,26,77
Abbotsford,Canada,North America,/abbotsford-canada,49.054587,-122.328026,0.79,1,0.8,1,0.6,0,19,0
Newark,United States,North America,/newark-nj-united-states,40.735657,-74.1723667,0.79,0.6,0.8,0.8,0.8,10,23,77
Norwich,United Kingdom,Europe,/norwich-united-kingdom,52.6308859,1.297355,0.79,0.6,0.8,0.8,0.8,0,23,53
Podgorica,Montenegro,Europe,/podgorica-montenegro,42.441286,19.262892,0.79,0.6,0.4,0.4,0.6,6,35,0
Zhoukou,China,Asia,/zhoukou-china,33.6333,114.6333,0.79,0.4,0.6,0.4,0.8,0,34,45
Katowice,Poland,Europe,/katowice-poland,50.2648919,19.0237815,0.79,0.6,0.6,0.6,0.6,7,23,32
Memphis,United States,North America,/memphis-tn-united-states,35.1495343,-90.0489801,0.79,0.8,0.6,0.8,0.8,15,31,77
Barcelona,Spain,Europe,/barcelona-spain,41.3850639,2.1734035,0.78,0.6,1,1,0.4,17,29,56
Denver,United States,North America,/denver-co-united-states,39.7392358,-104.990251,0.78,0.6,0.6,0.6,0.8,22,35,7
Kiev,Ukraine,Europe,/kiev-ukraine,50.4501,30.5234,0.78,0.6,0.6,1,0.4,14,23,22
Krasnoyarsk,Russia,Asia,/krasnoyarsk-russia,56.0152834,92.8932476,0.78,0.6,0.6,0.6,0.8,9,25,33
Dublin,Ireland,Europe,/dublin-ireland,53.3498053,-6.2603097,0.78,0.4,1,0.6,1,32,21,8
Sao Paulo,Brazil,South America,/sao-paulo-brazil,-23.5505199,-46.6333094,0.78,0.4,1,0.6,0.4,0,23,53
Dalian,China,Asia,/dalian-china,38.914003,121.614682,0.78,0.4,0.4,0.6,0.6,6,29,45
Limassol,Cyprus,Europe,/limassol-cyprus,34.7071301,33.0226174,0.78,0.8,0.6,0.6,1,7,38,0
Fredericton,Canada,North America,/fredericton-canada,45.9635895,-66.6431151,0.78,0.6,0.4,0.8,0.8,0,21,0
Taghazout,Morocco,Africa,/taghazout-morocco,30.5450072,-9.7086375,0.78,0.6,0.2,0.4,0.8,6,22,23
Aalesund,Norway,Europe,/aalesund-norway,62.4722284,6.149482,0.78,0,0.6,0.6,1,49,16,6
Grodno,Belarus,Europe,/grodno-belarus,53.6724806,23.8266926,0.78,0.4,0.4,0.2,0.4,7,21,0
Verona,Italy,Europe,/verona-italy,45.4383842,10.9916215,0.78,0.8,0.4,0.8,0.8,17,33,25
Luxembourg,Luxembourg,Europe,/luxembourg-luxembourg,49.611621,6.1319346,0.78,0.6,0.6,0.8,0.8,27,24,3
Saint Petersburg,Russia,Europe,/saint-petersburg-russia,59.9342802,30.3350986,0.78,0.6,0.4,0.6,0.6,0,18,33
Hannover,Germany,Europe,/hannover-germany,52.3758916,9.7320104,0.78,0.6,0.6,0.6,1,0,23,50
Bursa,Turkey,Europe,/bursa-turkey,40.266864,29.0634479,0.78,0.4,0.4,0.6,0.6,19,31,9
Phoenix,United States,North America,/phoenix-az-united-states,33.4483771,-112.0740373,0.78,0.6,0.6,0.6,0.8,15,43,77
Belfast,United Kingdom,Europe,/belfast-united-kingdom,54.597285,-5.93012,0.78,0.4,0.6,0.4,0.6,0,19,53
Suzhou,China,Asia,/suzhou-china,31.299,120.5853,0.78,0.4,0.6,0.4,0.8,5,29,45
Washington,United States,North America,/washington-dc-united-states,38.9071923,-77.0368707,0.78,1,1,0.8,0.4,20,32,77
Hiroshima,Japan,Asia,/hiroshima-japan,34.39383,132.3716599,0.78,0.6,0.8,0.8,0.8,28,28,0
Tromso,Norway,Europe,/tromso-norway,69.6492047,18.9553238,0.78,0.6,0.8,0.6,1,0,11,6
Nanaimo,Canada,North America,/nanaimo-canada,49.1658836,-123.9400647,0.77,0.8,0.4,0.6,1,0,18,0
Hoi An,Vietnam,Asia,/hoi-an-vietnam,15.8800584,108.3380469,0.77,0.6,0.6,0.8,0.6,5,33,99
Singapore,Singapore,Asia,/singapore-singapore,1.2800945,103.8509491,0.77,0.6,1,0.6,1,56,31,87
Nottingham,United Kingdom,Europe,/nottingham-united-kingdom,52.9547832,-1.1581086,0.77,0.6,0.8,0.6,0.6,0,21,53
Salzburg,Austria,Europe,/salzburg-austria,47.80949,13.05501,0.77,0.6,0.4,0.6,0.8,8,26,0
Ivano-Frankivsk,Ukraine,Europe,/ivano-frankivsk-ukraine,48.922633,24.711117,0.77,0.6,0.6,0.6,0.4,0,23,22
Oklahoma City,United States,North America,/oklahoma-city-ok-united-states,35.4675602,-97.5164276,0.77,0.8,0.6,0.8,0.8,0,32,77
Melbourne,Australia,Oceania,/melbourne-australia,-37.814107,144.96328,0.77,0.2,0.8,0.6,0.8,8,13,30
Ufa,Russia,Europe,/ufa-russia,54.7388,55.9721,0.77,0,0,0,0,7,31,33
Brisbane,Australia,Oceania,/brisbane-australia,-27.4710107,153.0234489,0.77,0.2,0.6,0.6,1,11,21,82
Merida,Mexico,North America,/merida-mexico,20.9673702,-89.5925857,0.77,0.8,0.4,0.2,0.6,0,34,65
Johor Bahru,Malaysia,Asia,/johor-bahru-malaysia,1.492659,103.7413591,0.77,0.4,0.4,0.6,0.4,8,31,51
West Palm Beach,United States,North America,/west-palm-beach-fl-united-states,26.7153424,-80.0533746,0.77,0.8,1,0.6,0.6,5,32,77
Montevideo,Uruguay,South America,/montevideo-uruguay,-34.883611,-56.181944,0.77,0.4,0.4,0.6,0.6,8,16,368
Fairfax,United States,North America,/fairfax-va-united-states,38.8462236,-77.3063733,0.77,0.8,0.8,0.8,0.8,26,32,77
Omaha,United States,North America,/omaha-ne-united-states,41.2523634,-95.9979883,0.77,0,1,0.8,0.8,28,30,77
Porto Alegre,Brazil,South America,/porto-alegre-brazil,-30.0346471,-51.2176584,0.77,0.2,0.6,0.4,0.4,10,13,53
New York City,United States,North America,/new-york-city-ny-united-states,40.7127837,-74.0059413,0.77,1,1,0.8,0.6,25,23,77
Denpasar,Indonesia,Asia,/denpasar-bali-indonesia,-8.6726769,115.1542222,0.77,0.8,0.8,0.8,0.8,8,27,37
Istanbul,Turkey,Europe,/istanbul-turkey,41.00527,28.97696,0.77,0.6,1,0.8,0.58,12,28,38
Gold Coast,Australia,Oceania,/gold-coast-australia,-28.0172605,153.4256987,0.77,0.2,0.6,0.2,0.6,5,18,82
Moncton,Canada,North America,/moncton-canada,46.0878165,-64.7782313,0.76,0.8,0.6,0.8,1,0,19,0
Cardiff,United Kingdom,Europe,/cardiff-united-kingdom,51.481581,-3.17909,0.76,1,0.6,1,0.6,0,21,53
Chongqing,China,Asia,/chongqing-china,29.5583,106.5667,0.76,0.8,0.6,0.6,0.6,6,34,45
Brighton,United Kingdom,Europe,/brighton-united-kingdom,50.82253,-0.137163,0.76,0.8,0.8,0.6,0.8,0,19,53
Havana,Cuba,South America,/havana-cuba,23.159167,-82.271056,0.76,0.4,0.8,0.6,0.8,6,31,368
Jakarta,Indonesia,Asia,/jakarta-indonesia,-6.2087634,106.845599,0.76,0.6,0.6,0.8,0.6,8,32,13
Dushanbe,Tajikistan,Middle East,/dushanbe-tajikistan,38.536667,68.78,0.76,0.6,0.8,0.6,0.4,5,31,0
Newcastle Upon Tyne,United Kingdom,Europe,/newcastle-upon-tyne-united-kingdom,54.978252,-1.61778,0.76,1,1,1,0.6,0,18,53
Macau,Macau,Asia,/macau-macau,22.2076589,113.5499505,0.76,0.6,0.6,0.4,0.6,17,35,0
Reykjavik,Iceland,Europe,/reykjavik-iceland,64.133333,-21.933333,0.76,1,0.6,1,1,0,12,9
Hilo,United States,North America,/hilo-hawaii-united-states,19.7297222,-155.09,0.76,0.6,0.6,0.8,1,6,23,77
Calgary,Canada,North America,/calgary-canada,51.0486151,-114.0708459,0.76,0.2,0.6,0.6,0.6,0,19,0
Nizhny,Russia,Asia,/nizhny-russia,56.2965039,43.9360589,0.76,0.4,0.8,0.2,0.6,0,0,33
Nicosia,Cyprus,Europe,/nicosia-cyprus,35.166667,33.366667,0.75,0.4,0.8,0.4,0.6,10,42,0
Los Angeles,United States,North America,/los-angeles-ca-united-states,34.0522342,-118.2436849,0.75,1,1,1,0.6,10,27,66
Hyderabad,India,Asia,/hyderabad-india,17.385044,78.486671,0.75,0.2,0.6,0.4,0.4,6,26,70
Paris,France,Europe,/paris-france,48.856614,2.3522219,0.75,0.6,1,0.8,0.6,6,29,64
Casablanca,Morocco,Africa,/casablanca-morocco,33.5731104,-7.5898434,0.75,0.4,1,0.6,0.8,6,24,23
Buenos Aires,Argentina,South America,/buenos-aires-argentina,-34.6037232,-58.3815931,0.75,0.6,1,0.8,0.6,6,16,63
Almaty,Kazakhstan,Asia,/almaty-kazakhstan,43.2220146,76.8512485,0.75,0.6,0.4,0.6,0.6,5,26,0
Antalya,Turkey,Europe,/antalya-turkey,36.88414,30.70563,0.75,0.4,0.8,0.4,0.8,7,40,9
Philadelphia,United States,North America,/philadelphia-pa-united-states,39.9525839,-75.1652215,0.75,1,1,0.8,0.6,43,28,77
Aarhus,Denmark,Europe,/aarhus-denmark,56.162939,10.203921,0.74,0.8,0.8,0.8,1,40,19,0
Granada,Spain,Europe,/granada-spain,37.1773363,-3.5985571,0.74,0.2,1,0.6,0.6,9,38,82
Naples,Italy,Europe,/naples-italy,40.8517746,14.2681244,0.74,0.4,0.4,0.4,0.6,20,29,25
London,United Kingdom,Europe,/london-united-kingdom,51.5073509,-0.1277583,0.74,0.44,1,0.8,0.6,0,23,187
Birmingham,United Kingdom,Europe,/birmingham-united-kingdom,52.486243,-1.890401,0.74,0.6,0.4,0.6,1,0,21,53
Krivoy-Rog,Ukraine,Europe,/krivoy-rog-ukraine,47.910483,33.391783,0.74,0.4,0.4,0.4,0.4,10,27,22
Kazan,Russia,Europe,/kazan-russia,55.790278,49.134722,0.74,0.4,0.6,0.4,0.4,10,19,33
Copenhagen,Denmark,Europe,/copenhagen-denmark,55.6760968,12.5683371,0.74,0.2,1,0.8,1,35,20,20
Jyvaskyla,Finland,Europe,/jyvaskyla-finland,62.244747,25.7472184,0.74,0.6,0.8,0.8,1,0,17,0
Northampton,United Kingdom,Europe,/northampton-united-kingdom,52.240477,-0.902656,0.74,0.6,1,0.8,0.6,0,23,53
Dusseldorf,Germany,Europe,/dusseldorf-germany,51.2277411,6.7734556,0.73,0.2,0.6,0.6,1,0,23,50
Vladivostok,Russia,Asia,/vladivostok-russia,43.133333,131.9,0.73,0.4,0.6,0.2,0.8,6,21,33
Budva,Montenegro,Europe,/budva-montenegro,42.288056,18.8425,0.73,0.4,0.2,0.4,0.6,6,29,0
Tirupur,India,Asia,/tirupur-india,11.1085742,77.2937723,0.73,0.4,0.2,0.4,0.4,6,30,70
Venice,Italy,Europe,/venice-italy,45.4408474,12.3155151,0.73,0.8,0.8,0.8,0.8,7,28,25
Burgas,Bulgaria,Europe,/burgas-bulgaria,42.5047926,27.4626361,0.73,1,1,0.4,0.6,21,28,12
Canberra,Australia,Oceania,/canberra-australia,-35.2819998,149.1286843,0.73,1,1,0.8,1,7,11,82
Amman,Jordan,Middle East,/amman-jordan,31.9565783,35.9456951,0.73,0.6,0.6,1,0.6,5,31,0
Huntsville,United States,North America,/huntsville-al-united-states,34.7303688,-86.5861037,0.72,0.8,0.6,0.8,0.8,75,33,77
Virginia Beach,United States,North America,/virginia-beach-va-united-states,36.8529,-75.978,0.72,0,0,0,0,8,35,77
Beirut,Lebanon,Middle East,/beirut-lebanon,33.8886289,35.4954794,0.72,0.4,1,0.6,0.6,0,28,0
Southampton,United Kingdom,Europe,/southampton-united-kingdom,50.9097004,-1.4043509,0.72,0.6,1,0.6,0.8,0,20,53
Manila,Philippines,Asia,/manila-philippines,14.5995124,120.9842195,0.72,0.2,0.8,0.6,0.4,7,27,64
Modena,Italy,Europe,/modena-italy,44.6488366,10.9200867,0.72,0.6,0.6,0.8,1,7,34,25
Lugano,Switzerland,Europe,/lugano-switzerland,46.0065117,8.9523121,0.72,0.8,0.8,1,1,21,32,18
Rome,Italy,Europe,/rome-italy,41.8723889,12.4801802,0.72,0.2,0.6,0.2,0.6,14,33,25
Milan,Italy,Europe,/milan-italy,45.4654219,9.1859243,0.72,0.6,1,0.25,0.8,12,34,25
Salt Lake City,United States,North America,/salt-lake-city-ut-united-states,40.7607793,-111.8910474,0.72,1,0.6,0.6,0.8,43,36,77
San Francisco,United States,North America,/san-francisco-ca-united-states,37.7749295,-122.4194155,0.71,1,1,0.8,0.6,6,16,178
Beijing,China,Asia,/beijing-china,39.90403,116.407526,0.71,0.4,0.4,0.6,0.6,8,34,18
Agadir,Morocco,Africa,/agadir-morocco,30.4277547,-9.5981072,0.71,0.4,0.6,0.6,0.6,6,23,23
Zurich,Switzerland,Europe,/zurich-switzerland,47.3686498,8.5391825,0.7,1,0.6,0.8,1,11,28,18
Ko Pha Ngan,Thailand,Asia,/ko-pha-ngan-thailand,9.75,100.0333,0.7,0.2,1,0.2,0.6,2,29,237
Ankara,Turkey,Europe,/ankara-turkey,39.92077,32.85411,0.7,0.6,0.4,0.6,0.8,12,28,9
Yangon,Myanmar,Asia,/yangon-myanmar,16.780833,96.149722,0.7,0.8,0.4,0.6,0.6,2,28,4
Santa Monica,United States,North America,/santa-monica-ca-united-states,34.0194543,-118.4911912,0.7,0.4,1,0.8,0.8,9,22,4
Panama City,Panama,South America,/panama-city-panama,8.983333,-79.516667,0.7,1,0.8,0.8,1,15,30,12
Tel Aviv,Israel,Middle East,/tel-aviv-israel,32.0852999,34.7817676,0.69,0.6,1,1,0.8,12,29,28
Aberdeen,United Kingdom,Europe,/aberdeen-united-kingdom,57.149717,-2.094278,0.69,0.6,0.6,0.6,0.8,0,15,53
Sulaymaniyah,Kurdistan,Middle East,/sulaymaniyah-kurdistan,35.5630371,45.2375704,0.69,0.4,0.6,0.4,0.4,0,38,0
Caye Caulker,Belize,South America,/caye-caulker-belize,17.7611578,-88.0277487,0.69,0,0.2,0.2,0.6,0,29,368
Ibi,Spain,Europe,/ibi-spain,38.6227319,-0.5754373,0.69,0.6,0.2,1,0.6,3,30,82
Medellín,Colombia,South America,/medellin-colombia,6.235925,-75.575137,0.69,0.4,0.8,0.4,0.4,7,23,75
Vientiane,Laos,Asia,/vientiane-laos,17.966667,102.6,0.68,0.2,0.2,0.2,0.6,1,30,6
Kathmandu,Nepal,Asia,/kathmandu-nepal,27.7172,85.324,0.68,0.4,0.4,0.4,0.42,2,24,10
Kigali,Rwanda,Africa,/kigali-rwanda,-1.943889,30.059444,0.68,0.8,0.6,0.6,0.6,2,27,5
Fort McMurray,Canada,North America,/fort-mcmurray-canada,56.7263796,-111.3803407,0.68,0.4,0.6,0.6,0.8,0,23,0
Gibraltar,Gibraltar,Europe,/gibraltar-gibraltar,36.1407734,-5.3535994,0.68,0.4,0.6,0.6,0.6,24,24,0
Taichung,Taiwan,Asia,/taichung-taiwan,24.1477358,120.6736482,0.67,1,0.4,0.6,0.8,3,26,60
Dongguan,China,Asia,/dongguan-china,22.9759527,113.5141342,0.67,0.4,0.6,0.4,0.6,6,36,45
Da Nang,Vietnam,Asia,/da-nang-vietnam,16.051571,108.214897,0.66,0,0,0,0,3,32,99
Arequipa,Peru,South America,/arequipa-peru,-16.4090474,-71.537451,0.66,0.4,0.6,0.6,0.6,4,21,20
Manama,Bahrain,Middle East,/manama-bahrain,26.216667,50.583333,0.66,0.4,0.8,0.8,0.96,6,36,0
Shanghai,China,Asia,/shanghai-china,31.230416,121.473701,0.66,0.6,1,0.6,0.6,3,28,23
Ciutadella,Spain,Europe,/ciutadella-spain,39.9991163,3.8389047,0.66,1,0.2,0.6,0.8,4,31,82
Detroit,United States,North America,/detroit-mi-united-states,42.331427,-83.0457538,0.66,0.6,0.6,0.6,0.2,22,26,77
Ulaanbaatar,Mongolia,Asia,/ulaanbaatar-mongolia,47.92,106.92,0.66,0.4,0.2,0.2,0.6,3,28,0
Guadalajara,Mexico,North America,/guadalajara-mexico,20.6596988,-103.3496092,0.66,0,1,0.6,0.2,14,28,65
Reading,United Kingdom,Europe,/reading-united-kingdom,51.4542645,-0.9781303,0.66,0.6,0.8,0.6,0.6,0,22,53
Saint Helier,Jersey,Europe,/saint-helier-jersey,49.1868225,-2.1065682,0.65,0.8,0.4,0.8,0.6,16,18,0
Ko Tao,Thailand,Asia,/ko-tao-thailand,10.0922767,99.8003846,0.65,0.4,0.4,0.2,0.6,2,32,237
Sharjah,United Arab Emirates,Middle East,/sharjah-united-arab-emirates,25.3575,55.390833,0.65,0.8,0.2,0.8,0.8,6,37,0
Yogyakarta,Indonesia,Asia,/yogyakarta-indonesia,-7.7971,110.3705,0.65,0,0,0,0,1,28,37
Dammam,Saudi Arabia,Middle East,/dammam-saudi-arabia,26.3544482,49.7122909,0.65,0.4,0.2,0.8,0.6,5,44,3
Riyadh,Saudi Arabia,Middle East,/riyadh-saudi-arabia,24.633333,46.716667,0.64,0.4,0.6,1,0.4,7,45,3
Nagpur,India,Asia,/nagpur-india,21.1458004,79.0881546,0.64,0.2,0.4,0.4,0.6,1,26,70
Bishkek,Kyrgyzstan,Asia,/bishkek-kyrgyzstan,42.874722,74.612222,0.64,1,0.6,1,0.6,1,31,0
Beersheba,Israel,Middle East,/beersheba-israel,31.252973,34.791462,0.64,0.4,0.4,0.6,0.6,11,34,18
San Salvador,El Salvador,South America,/san-salvador-el-salvador,13.6929403,-89.2181911,0.64,0.8,0.8,0.6,0.4,4,30,368
Aalborg,Denmark,Europe,/aalborg-denmark,57.0488195,9.921747,0.64,0.8,0.8,0.6,1,0,18,0
Doha,Qatar,Middle East,/doha-qatar,25.2916097,51.5304368,0.63,0.8,0.6,0.8,0.8,12,46,2
Surat,India,Asia,/surat-india,21.1702401,72.8310607,0.63,0.2,0.4,0.4,0.6,2,29,70
Pune,India,Asia,/pune-india,18.5204303,73.8567437,0.63,0.2,0.6,0.4,0.6,4,24,70
Thane,India,Asia,/thane-india,19.2183307,72.9780897,0.63,0.2,0.6,0.4,0.4,2,27,70
Ko Phi Phi,Thailand,Asia,/ko-phi-phi-thailand,7.7333,98.7667,0.63,0.2,1,0.2,0.8,3,29,237
Cochabamba,Bolivia,South America,/cochabamba-bolivia,-17.383333,-66.166667,0.63,0.4,0.6,0.8,0.8,2,20,12
Jaipur,India,Asia,/jaipur-india,26.9124336,75.7872709,0.63,0.4,0.6,0.4,0.6,0,34,70
Surabaya,Indonesia,Asia,/surabaya-indonesia,-7.2642396,112.7455788,0.62,0.6,0.4,0.4,0.6,4,29,37
Da Lat,Vietnam,Asia,/da-lat-vietnam,11.9404192,108.4583132,0.62,1,0.4,1,0.6,4,19,99
Lahore,Pakistan,Asia,/lahore-pakistan,31.5546061,74.3571581,0.62,0.4,0.4,0.4,0.6,3,34,0
Turin,Italy,Europe,/turin-italy,45.070312,7.6868565,0.62,0.2,0.4,0.4,0.8,5,36,25
Bodrum,Turkey,Europe,/bodrum-turkey,37.035339,27.43029,0.62,0.4,1,0.6,0.6,7,36,9
Nairobi,Kenya,Africa,/nairobi-kenya,-1.2920659,36.8219462,0.62,0.2,1,0.6,0.4,4,19,12
Bangalore,India,Asia,/bangalore-india,12.9715987,77.5945627,0.62,0.2,0.4,0.6,0.6,3,26,70
Bucaramanga,Colombia,South America,/bucaramanga-colombia,7.1650177,-73.1782855,0.62,0,0,0,0.6,4,24,40
Belem,Brazil,South America,/belem-brazil,-1.26719,-48.5579947,0.62,0.8,0.6,0.8,0.6,3,28,53
Siem Reap,Cambodia,Asia,/siem-reap-cambodia,13.3622,103.8597,0.62,0.4,0.4,0.6,0.6,1,31,14
Managua,Nicaragua,South America,/managua-nicaragua,12.136389,-86.251389,0.62,0.2,0.4,0.6,0.6,4,31,368
Samara,Russia,Europe,/samara-russia,53.202778,50.140833,0.61,0.4,0.2,0.4,0.4,4,23,33
Hanoi,Vietnam,Asia,/hanoi-vietnam,21.033333,105.85,0.61,0.4,0.2,0.8,0.6,4,35,99
Ludhiana,India,Asia,/ludhiana-india,30.900965,75.8572758,0.61,0.4,0.6,0.6,0.6,2,35,70
Antigua,Guatemala,South America,/antigua-guatemala,14.5585707,-90.729523,0.61,0.6,0.6,1,0.4,3,22,13
Jerusalem,Israel,Middle East,/jerusalem-israel,31.768319,35.21371,0.61,0.6,1,0.4,0.6,22,32,18
Lucknow,India,Asia,/lucknow-india,26.8465108,80.9466832,0.61,0.4,0.6,0.6,0.6,2,33,70
Pretoria,South Africa,Africa,/pretoria-south-africa,-25.746111,28.188056,0.61,0.8,0.8,0.8,0.6,2,21,0
Lausanne,Switzerland,Europe,/lausanne-switzerland,46.5199617,6.6335971,0.61,0.4,0.6,0.8,1,25,31,18
Monaco,Monaco,Europe,/monaco-monaco,43.7384,7.4246,0.61,0.6,1,0.8,1,19,25,0
Tianjin,China,Asia,/tianjin-china,39.1333,117.1833,0.6,0.6,0.4,0.6,0.8,2,33,45
Salento,Colombia,South America,/salento-colombia,4.6333,-75.5667,0.6,0.6,0.2,0.8,0.8,1,24,40
Saint Louis,United States,North America,/saint-louis-mo-united-states,38.6270025,-90.1994042,0.6,0.8,0.4,0.6,0.2,30,29,77
Maputo,Mozambique,Africa,/maputo-mozambique,-25.966667,32.583333,0.6,0.4,0.4,0.4,0.6,2,24,0
Chittagong,Bangladesh,Asia,/chittagong-bangladesh,22.3475,91.8123,0.6,0.6,0.4,0.4,0.6,3,29,0
Tashkent,Uzbekistan,Asia,/tashkent-uzbekistan,41.266667,69.216667,0.6,0.2,0.6,0.4,0.6,0,37,0
Odesa,Ukraine,Europe,/odesa-ukraine,46.482526,30.7233095,0.6,0.6,0.8,0.6,0.2,10,26,22
Abu Dhabi,United Arab Emirates,Middle East,/abu-dhabi-united-arab-emirates,24.466667,54.366667,0.6,0.8,0.6,0.8,0.8,5,37,0
Bhopal,India,Asia,/bhopal-india,23.2599333,77.412615,0.6,0.2,0.2,0.2,0.4,2,26,70
Nanchang,China,Asia,/nanchang-china,28.6833,115.8833,0.59,0.8,0.6,0.4,0.8,4,33,45
Cebu,Philippines,Asia,/cebu-philippines,10.3156992,123.8854366,0.59,0.2,0.6,0.4,0.8,4,29,56
Phnom Penh,Cambodia,Asia,/phnom-penh-cambodia,11.5448729,104.8921668,0.59,0.4,0.4,0.6,0.4,2,31,20
Qingdao,China,Asia,/qingdao-china,36.1357443,120.0846507,0.59,0.8,0.6,0.6,0.6,2,26,45
Vadodara,India,Asia,/vadodara-india,22.3071588,73.1812187,0.59,0.2,0.6,0.4,0.6,3,31,70
Noida,India,Asia,/noida-india,28.5355161,77.3910265,0.59,0.2,0.8,0.4,0.4,2,33,70
Anshan,China,Asia,/anshan-china,41.115829,122.7261787,0.59,0.4,0.4,0.4,0.6,2,29,45
Wenzhou,China,Asia,/wenzhou-china,27.9908558,120.4035133,0.59,0.2,0.4,0.4,0.8,1,28,45
Wuhan,China,Asia,/wuhan-china,30.5833,114.2833,0.59,0.2,0.4,0.2,0.8,3,33,45
Kampala,Uganda,Africa,/kampala-uganda,0.313611,32.581111,0.59,0,0.4,0.8,0.4,3,26,0
Xuzhou,China,Asia,/xuzhou-china,34.2578042,116.9254313,0.59,0.2,0.4,0.4,0.6,4,29,45
Port Elizabeth,South Africa,Africa,/port-elizabeth-south-africa,-33.958056,25.6,0.59,0.6,0.4,0.6,0.4,3,17,0
Shantou,China,Asia,/shantou-china,23.35,116.6667,0.58,0.6,0.4,0.6,0.8,0,32,45
Nasik,India,Asia,/nasik-india,19.9974533,73.7898023,0.58,0.2,0.8,0.6,0.6,3,23,70
Recife,Brazil,South America,/recife-brazil,-8.0475458,-34.8769621,0.58,0.4,1,0.2,0.2,6,26,53
Linyi,China,Asia,/linyi-china,35.05,118.35,0.58,0.4,0.2,0.2,0.8,0,34,45
Brazzaville,Congo,Africa,/brazzaville-congo,-4.2471825,15.0871356,0.58,0.4,0.6,0.2,0.4,2,31,0
Chennai,India,Asia,/chennai-india,13.0826802,80.2707184,0.58,0.2,0.6,0.4,0.4,3,33,70
Ibadan,Nigeria,Africa,/ibadan-nigeria,7.3775,3.947,0.58,0.2,0.4,0.4,0.4,2,28,0
Penang,Malaysia,Asia,/penang-malaysia,5.2632341,100.4846227,0.58,0.4,0.2,0.6,0.6,2,30,51
Joao Pessoa,Brazil,South America,/joao-pessoa-brazil,-7.1496459,-35.0235323,0.58,0.6,0.8,0.6,0.6,3,27,53
Indore,India,Asia,/indore-india,22.7195687,75.8577258,0.58,0.2,0.4,0.4,0.6,2,24,70
Jeddah,Saudi Arabia,Middle East,/jeddah-saudi-arabia,21.543333,39.172778,0.57,0.2,0.4,0.4,0.4,10,38,3
Port Said,Egypt,Middle East,/port-said-egypt,31.2652893,32.3018661,0.57,0.4,0.4,0.4,0.6,0,28,6
Lagos,Nigeria,Africa,/lagos-nigeria,6.5243793,3.3792057,0.57,0.2,0.8,0.2,0.4,4,26,0
Harbin,China,Asia,/harbin-china,45.75,126.6333,0.57,0.4,0.4,0.4,0.8,3,28,45
Male,Maldives,Asia,/male-maldives,4.1754959,73.5093474,0.57,0.2,0.2,0.2,0.4,3,29,0
Varanasi,India,Asia,/varanasi-india,25.3176,82.9739,0.57,0,0,0,0,1,33,70
Dubai,United Arab Emirates,Middle East,/dubai-united-arab-emirates,25.2048,55.2708,0.57,0.6,0.45,1,0.8,6,36,16
Khulna,Bangladesh,Asia,/khulna-bangladesh,22.8452866,89.4624613,0.56,0.6,0.4,0.4,0.6,2,31,0
Tunis,Tunisia,Africa,/tunis-tunisia,36.8064948,10.1815316,0.56,0.4,0.4,0.4,0.4,4,37,0
Baku,Azerbaijan,Middle East,/baku-azerbaijan,40.4092617,49.8670924,0.56,0.4,1,0.2,0.6,4,28,0
Ramallah,Palestine,Middle East,/ramallah-palestine,31.8980428,35.2042714,0.56,0.4,0.8,0.4,0.6,4,32,0
Coimbatore,India,Asia,/coimbatore-india,11.0168445,76.9558321,0.56,0.4,0.2,0.4,0.6,2,29,70
Bhubaneswar,India,Asia,/bhubaneswar-india,20.2960587,85.8245398,0.56,0.2,0.2,0.2,0.6,1,29,70
Bocas del Toro,Panama,South America,/bocas-del-toro-panama,9.3406,-82.2406,0.56,0.8,0.8,0.6,0.6,4,27,12
Goa,India,Asia,/goa-india,15.2993265,74.123996,0.56,0.6,1,0.4,0.6,2,27,70
General Santos,Philippines,Asia,/general-santos-philippines,6.1375536,125.0174292,0.56,0,0,0,0.6,1,30,56
Cape Town,South Africa,Africa,/cape-town-south-africa,-33.9248685,18.4240553,0.56,0.6,0.8,0.6,0.42,4,16,0
Makati,Philippines,Asia,/makati-philippines,14.554729,121.0244452,0.56,0.6,0.8,0.8,0.8,2,27,0
Shijiazhuang,China,Asia,/shijiazhuang-china,38.0436,114.4983,0.55,0.4,0.4,0.4,0.8,3,26,45
New Delhi,India,Asia,/new-delhi-india,28.6139391,77.2090212,0.55,0.2,0.6,0.4,0.4,3,33,70
Belize City,Belize,South America,/belize-city-belize,17.504722,-88.186667,0.55,0.6,0.6,0.4,0.6,3,30,368
Chandigarh,India,Asia,/chandigarh-india,30.7333148,76.7794179,0.55,0.4,0.4,0.4,0.6,2,33,70
Guiyang,China,Asia,/guiyang-china,26.5959859,106.5762993,0.55,0.4,0.6,0.4,0.6,3,29,45
Zhengzhou,China,Asia,/zhengzhou-china,34.7422909,113.3829899,0.55,0.4,0.6,0.4,0.6,3,29,45
Kochi,India,Asia,/kochi-india,9.9312328,76.2673041,0.55,0.2,0.6,0.2,0.4,4,27,70
Mumbai,India,Asia,/mumbai-india,19.0759837,72.8776559,0.55,0.2,0.6,0.4,0.4,3,28,70
Xian,China,Asia,/xian-china,34.2590616,108.687021,0.55,0.8,0.6,0.6,0.6,2,37,45
Paphos,Cyprus,Europe,/paphos-cyprus,34.7720133,32.4297369,0.55,0.4,0.8,0.4,0.8,3,36,0
Guwahati,India,Asia,/guwahati-india,26.1445169,91.7362365,0.54,0.4,0.4,0.4,0.6,1,29,70
Santa Marta,Colombia,South America,/santa-marta-colombia,11.2419,-74.2053,0.54,0.6,0.4,0.2,0.5,3,25,40
Jabalpur,India,Asia,/jabalpur-india,23.1756331,79.828667,0.54,0.4,0.2,0.4,0.6,2,29,70
Cairo,Egypt,Middle East,/cairo-egypt,30.0444196,31.2357116,0.54,0.4,0.6,0.8,0.6,3,38,6
Santiago,Chile,South America,/santiago-chile,-33.4691199,-70.641997,0.54,0.4,0.4,0.4,0.6,3,14,26
Lima,Peru,South America,/lima-peru,-12.046374,-77.0427934,0.54,0.4,0.6,0.8,0.6,4,21,20
Guayaquil,Ecuador,South America,/guayaquil-ecuador,-2.152381,-80.1199965,0.54,0,0,0,0.6,2,28,368
Allahabad,India,Asia,/allahabad-india,25.4358,81.8463,0.54,0.4,0.2,0.2,0.6,2,33,70
Windhoek,Namibia,Africa,/windhoek-namibia,-22.57,17.083611,0.54,0.4,0.4,0.4,0.8,2,19,0
Abidjan,Ivory Coast,Africa,/abidjan-ivory-coast,5.36,4.0038,0.53,0.6,0.8,0.6,0.6,2,28,0
Dar es Salaam,Tanzania,Africa,/dar-es-salaam-tanzania,6.8,39.2833,0.53,0.4,0.4,0.2,0.4,2,28,0
Handan,China,Asia,/handan-china,36.6070008,114.3429477,0.53,0.4,0.6,0.4,0.8,0,26,45
Amritsar,India,Asia,/amritsar-india,31.634,74.8723,0.53,0.6,0.6,0.8,0.8,3,34,70
Changchun,China,Asia,/changchun-china,43.8870114,124.7328636,0.52,0.4,0.6,0.4,0.6,4,30,45
Durban,South Africa,Africa,/durban-south-africa,-29.8586804,31.0218404,0.52,0.4,0.4,0.6,0.4,3,21,0
Khartoum,Sudan,Africa,/khartoum-sudan,15.5006544,32.5598994,0.52,1,0.4,0.4,0.4,1,37,0
Tehran,Iran,Middle East,/tehran-iran,35.696111,51.423056,0.52,0.4,0.2,0.2,0.6,2,38,0
Baoding,China,Asia,/baoding-china,38.8667,115.4667,0.52,0.4,0.4,0.2,0.8,1,32,45
Jinan,China,Asia,/jinan-china,36.6425933,116.7489271,0.51,0.4,0.6,0.4,0.6,2,29,45
Chicago,United States,North America,/chicago-il-united-states,41.8781136,-87.6297982,0.51,0.6,0.6,0.8,0.2,34,22,9
Abuja,Nigeria,South America,/abuja-nigeria,9.0765,7.3986,0.51,0.2,0.4,0.2,0.4,3,27,368
Pai,Thailand,Asia,/pai-thailand,19.3592283,98.4372691,0.51,0.4,0.2,0.6,0.8,4,24,3
Changsha,China,Asia,/changsha-china,28.1758442,112.7444066,0.5,0.4,0.6,0.4,0.6,3,34,45
Conakry,Guinea,Africa,/conakry-guinea,9.6355536,-13.7188249,0.5,0,0,0,0.4,1,27,0
Kano,Nigeria,Africa,/kano-nigeria,12.0022,8.592,0.5,0.2,0.2,0.2,0.4,1,32,0
El Jadida,Morocco,Africa,/el-jadida-morocco,33.2316,-8.5,0.5,1,0.6,0.6,0.8,2,25,23
Kolkata,India,Asia,/kolkata-india,22.572646,88.363895,0.5,0.2,0.2,0.4,0.4,2,32,70
Harare,Zimbabwe,Africa,/harare-zimbabwe,-17.863889,31.029722,0.49,0.2,0.4,0.2,0.4,2,18,0
Jodhpur,India,Asia,/jodhpur-india,26.2702848,72.8904576,0.49,0.6,0.6,0.6,0.8,3,39,70
Kalyan,India,Asia,/kalyan-india,19.2405375,73.1301495,0.49,0.4,0.2,0.4,0.6,2,27,70
Huizhou,China,Asia,/huizhou-china,23.0881944,114.1434449,0.49,0.4,0.6,0.4,0.6,4,33,45
Agra,India,Asia,/agra-india,27.1767,78.0081,0.49,0.6,0.6,0.6,0.6,3,32,70
Muscat,Oman,Middle East,/muscat-oman,23.5859,58.4059,0.49,0.4,0.4,0.6,0.8,2,39,0
Adana,Turkey,Europe,/adana-turkey,36.9914,35.3308,0.48,0.8,0.6,0.6,1,11,34,9
Batam,Philippines,Asia,/batam-philippines,0.8371559,103.7729345,0.48,0,0,0,0.6,1,0,56
San Pedro,Belize,South America,/san-pedro-belize,17.9213664,-87.9610905,0.48,0.4,1,0.8,0.6,3,0,368
Antananarivo,Madagascar,Africa,/antananarivo-madagascar,18.887626,47.3724277,0.48,0,0,0,0.8,0,18,0
Hohhot,China,Asia,/hohhot-china,40.816665,111.3676885,0.47,0.4,0.6,0.4,0.6,2,32,45
Fuzhou,China,Asia,/fuzhou-china,26.0498897,119.0381985,0.47,0.4,0.6,0.4,0.6,3,26,45
Jiaxing,China,Asia,/jiaxing-china,30.7442536,120.6271268,0.47,0.4,0.6,0.4,0.6,3,31,45
Gwalior,India,Asia,/gwalior-india,26.2141389,78.1208586,0.47,0.4,0.2,0.4,0.6,2,31,70
Bamako,Mali,Africa,/bamako-mali,12.6125547,-8.1355996,0.46,0,0,0,0.6,3,32,0
Jamshedpur,India,Asia,/jamshedpur-india,22.7840284,86.1757708,0.46,0.6,0.2,0.4,0.6,2,31,70
Aurangabad,India,Asia,/aurangabad-india,19.8700415,75.1651153,0.46,0.4,0.2,0.4,0.6,2,24,70
Fez,Morocco,Africa,/fez-morocco,33.4596181,-112.0765059,0.46,0,0,0,0.6,2,41,23
Faisalabad,Pakistan,Asia,/faisalabad-pakistan,31.4482891,72.9339314,0.45,0.4,0.2,0.4,0.4,1,35,0
Kannur,India,Asia,/kannur-india,11.8667015,75.3525086,0.45,0.4,0.2,0.4,0.4,2,27,70
Kinshasa,DR Congo,Africa,/kinshasa-dr-congo,-4.4875094,15.865008,0.45,0.2,0.6,0.4,0.4,0,32,0
Asansol,India,Asia,/asansol-india,23.6834541,86.8541898,0.44,0.4,0.2,0.4,0.6,2,31,70
Kota,India,Asia,/kota-india,25.1734028,75.8469487,0.44,0.4,0.2,0.2,0.4,2,32,70
Rio de Janeiro,Brazil,South America,/rio-de-janeiro-brazil,-22.9082998,-43.1970773,0.44,0.76,1,0.2,0.2,11,21,53
Dhanbad,India,Asia,/dhanbad-india,23.8020368,86.3642094,0.43,0.4,0.2,0.4,0.6,2,31,70
Kollam,India,Asia,/kollam-india,8.8862698,76.5588183,0.43,0.6,0.2,0.6,0.4,2,27,70
Bogota,Colombia,South America,/bogota-colombia,4.598056,-74.075833,0.4,0.6,1,0.6,0.2,0,17,40
Erbil,Kurdistan,Middle East,/erbil-kurdistan,36.191111,44.009167,0.39,0.4,0.4,0.4,0.4,3,41,0
Toluca,Mexico,North America,/toluca-mexico,19.2826,-99.6557,0.38,0,0,0,0.4,16,23,65
La Paz,Bolivia,South America,/la-paz-bolivia,-16.5207123,-68.0915129,0.37,0.4,0.6,0.4,0.2,3,13,12
Kanpur,India,Asia,/kanpur-india,26.4471054,80.1982971,0.37,0.4,0.2,0.6,0.4,4,33,70
Isfahan,Iran,Middle East,/isfahan-iran,32.6622111,51.5469411,0.36,0,0.2,0.2,0.4,3,38,0
Guatemala City,Guatemala,South America,/guatemala-city-guatemala,14.613333,-90.535278,0.36,0.4,0.4,0.4,0.2,4,22,13
Dhaka,Bangladesh,Asia,/dhaka-bangladesh,23.810332,90.4125181,0.32,0.2,0.2,0.2,0.2,4,30,0
Huambo,Angola,Africa,/huambo-angola,-12.7699636,15.6713637,0.31,0.4,0.6,0.2,0.4,1,25,0
Rawalpindi,Pakistan,Asia,/rawalpindi-pakistan,33.598394,73.0441352,0.31,0.4,0.4,0.2,0.2,1,33,0
Aguascalientes,Mexico,South America,/aguascalientes-mexico,21.8853,-102.2916,0.31,0.4,0.4,0.4,0.2,4,29,65
Caracas,Venezuela,South America,/caracas-venezuela,10.4696404,-66.8037185,0.3,0.4,0.6,0.2,0.2,3,25,8
Karachi,Pakistan,Asia,/karachi-pakistan,24.8614622,67.0099388,0.3,0.4,0.4,0.6,0.2,3,32,0
Algiers,Algeria,Africa,/algiers-algeria,36.752887,3.042048,0.28,0.4,0.4,0.2,0.2,3,34,0
Damascus,Syria,Middle East,/damascus-syria,33.513,36.292,0.27,0.2,0.2,0.4,0.2,2,37,0
Johannesburg,South Africa,Africa,/johannesburg-south-africa,-26.2041028,28.0473051,0.24,0.4,0.4,0.6,0.2,3,19,0
Bahawalpur,Pakistan,Asia,/bahawalpur-pakistan,29.3890359,71.635921,0.22,0.4,0.2,0.4,0.2,2,42,0
Luanda,Angola,Africa,/luanda-angola,-8.838333,13.234444,0.21,0.6,0.6,1,0.2,4,27,0
Port Moresby,Papua New Guinea,Asia,/port-moresby-papua-new-guinea,-9.4438004,147.1802671,0.18,0.2,0.2,0.2,0.2,2,28,0
Cali,Colombia,South America,/cali-colombia,3.420556,-76.522222,0.18,0.6,1,0.6,0.2,4,27,40
Torreon,Mexico,North America,/torreon-mexico,25.5428,-103.4068,0.15,0,0,0,0.2,0,36,65
Baghdad,Iraq,Middle East,/baghdad-iraq,33.325,44.422,0.07,0.4,0.2,0.4,0.2,3,43,0
Pyongyang,North Korea,Asia,/pyongyang-north-korea,39.0194,125.7381,0.04,0.2,0.4,0.2,0.2,0,31,0
Juarez,Mexico,South America,/juarez-mexico,31.6537863,-106.5832922,0.03,0,0.2,0.2,0.2,14,41,65
Basra,Iraq,Middle East,/basra-iraq,30.5311616,47.6319457,0,0,0.2,0.2,0.2,2,47,0
